Event,Waveform,chirp_mass,mass_1_source,mass_2_source,luminosity_distance,redshift,ra,dec,a_1,a_2,tilt_1,tilt_2,phi_12,phi_jl,theta_jn,psi,phase,network_matched_filter_snr
GW230712_090405,C00:IMRPhenomXO4a,24.88358,33.95195,14.23103,2116.70263,0.37492,3.23615,0.30592,0.63839,0.50411,1.65179,1.69505,3.1467,3.29352,1.72519,1.54604,3.37609,8.84317
GW230712_090405,C00:IMRPhenomXPHM-SpinTaylor,24.74932,32.47499,14.23605,2202.04195,0.38823,3.36159,0.28288,0.59788,0.50864,1.63396,1.66003,3.18038,3.28049,1.73423,1.56935,3.2018,8.74259
GW230712_090405,C00:Mixed,24.27843,33.3903,13.70387,2095.57568,0.37252,3.30723,0.29461,0.62318,0.50687,1.62646,1.62896,3.16209,3.32833,1.75208,1.57245,3.14837,8.81458
GW230712_090405,C00:Mixed+XO4a,24.47701,33.5746,13.87956,2101.85344,0.3732,3.28208,0.29849,0.6284,0.50589,1.63492,1.65104,3.15618,3.31667,1.74318,1.56352,3.22426,8.8245
GW230712_090405,C00:SEOBNRv5PHM,23.80292,34.28853,13.16862,1989.20165,0.35686,3.25867,0.30668,0.64844,0.50596,1.61836,1.59956,3.14702,3.37431,1.76548,1.57648,3.0941,8.88726
GW230630_234532,C00:IMRPhenomXPHM-SpinTaylor,8.56514,10.26281,6.67737,1078.22871,0.21084,2.60124,0.4514,0.29756,0.41283,1.70494,1.5943,3.11016,3.13185,1.30619,1.61473,3.22926,9.75972
GW230630_234532,C00:Mixed,8.56339,10.28988,6.66561,1075.23222,0.2103,2.63127,0.47348,0.28732,0.41045,1.6983,1.60789,3.12964,3.14348,1.34859,1.61183,3.25846,9.7573
GW230630_234532,C00:SEOBNRv5PHM,8.56164,10.3145,6.6549,1072.37085,0.20979,2.66046,0.49535,0.27711,0.408,1.69199,1.62137,3.14973,3.15465,1.3903,1.60962,3.28823,9.7547
GW231226_101520,C00:IMRPhenomXO4a,39.32497,40.01311,34.51419,1119.23727,0.219,2.06469,0.93119,0.38187,0.43547,1.79416,1.94563,3.10181,2.55645,1.49111,1.98403,2.63385,40.694
GW231226_101520,C00:IMRPhenomXPHM-SpinTaylor,39.89581,40.59939,34.70233,1153.64477,0.22495,2.07366,0.93958,0.37603,0.44418,1.63899,1.91636,3.24366,3.39314,1.26545,1.93633,2.17475,40.68427
GW231226_101520,C00:Mixed,39.84099,40.26977,34.96874,1141.48904,0.2228,2.07481,0.94602,0.3373,0.46079,1.70175,1.86698,3.2126,3.33416,1.28116,2.01941,3.06002,40.68555
GW231226_101520,C00:Mixed+XO4a,39.7128,40.20799,34.85261,1136.14788,0.22189,2.07269,0.94255,0.34855,0.45492,1.72383,1.88742,3.18809,3.13926,1.33632,2.0113,2.95467,40.68763
GW231226_101520,C00:NRSur7dq4,39.99045,40.2585,34.96888,1167.45825,0.2273,2.08588,0.95983,0.23439,0.50336,1.61595,1.85825,3.23632,3.65739,1.23938,2.01316,3.556,40.68819
GW231226_101520,C00:SEOBNRv5PHM,39.63979,39.98305,35.21635,1103.31427,0.21614,2.0623,0.93616,0.40113,0.43768,1.84325,1.82872,3.19079,2.94038,1.34368,2.10063,3.47372,40.6843
GW230928_215827,C00:IMRPhenomXPHM-SpinTaylor,61.01974,56.97441,30.93367,4660.93646,0.72816,2.90342,0.12052,0.77898,0.46604,0.63117,1.48408,3.09652,3.16497,1.62087,1.46613,3.78699,9.92394
GW230928_215827,C00:Mixed,61.06382,55.27078,30.41367,5040.16113,0.77604,2.85499,0.10387,0.75492,0.48621,0.66126,1.39901,2.99012,3.17753,1.63168,1.50194,3.19381,9.83361
GW230928_215827,C00:NRSur7dq4,60.58059,54.78922,30.94409,4868.49358,0.75435,2.82906,0.09582,0.73102,0.48405,0.67869,1.36606,2.91093,3.16203,1.64467,1.4984,2.82437,9.80742
GW230928_215827,C00:SEOBNRv5PHM,61.62029,54.03483,29.39763,5591.1087,0.84559,2.83,0.094,0.75564,0.50929,0.67387,1.34645,2.95449,3.20596,1.63083,1.54271,2.97372,9.77059
GW230628_231200,C00:IMRPhenomXPHM-SpinTaylor,35.94775,32.91548,26.99523,2225.77659,0.39615,2.84089,0.84604,0.472,0.47066,1.5233,1.66618,3.0646,2.96022,1.54048,1.49635,3.01718,16.9308
GW230628_231200,C00:Mixed,35.82407,32.74213,27.19727,2182.71164,0.38944,2.8192,0.83466,0.42649,0.449,1.5713,1.6687,3.09952,3.05204,1.55095,1.45915,3.07202,16.92428
GW230628_231200,C00:NRSur7dq4,35.78222,32.85192,27.6107,2090.91708,0.37511,2.82268,0.83012,0.39941,0.43663,1.57131,1.68122,3.12605,3.12651,1.53292,1.39776,3.08939,16.93919
GW230628_231200,C00:SEOBNRv5PHM,35.73891,32.45383,26.98545,2231.07355,0.39701,2.79682,0.82957,0.40768,0.43952,1.61763,1.6602,3.10762,3.07768,1.57442,1.48311,3.10752,16.90301
GW230930_110730,C00:IMRPhenomXPHM-SpinTaylor,44.21221,35.21271,24.73917,4942.45843,0.76497,2.90142,0.01823,0.43481,0.45698,1.49325,1.56252,3.09974,3.14746,1.65989,1.57795,3.07141,8.7652
GW230930_110730,C00:Mixed,44.14192,35.0009,24.75256,4946.88592,0.76566,2.90947,0.02426,0.41528,0.45861,1.50528,1.55922,3.11186,3.12105,1.64672,1.57576,3.06027,8.77567
GW230930_110730,C00:NRSur7dq4,44.12185,34.84274,24.86557,4935.08674,0.76417,2.88554,0.04022,0.39532,0.45109,1.50272,1.55248,3.11505,3.12321,1.62854,1.5697,3.05511,8.77626
GW230930_110730,C00:SEOBNRv5PHM,44.07215,35.00627,24.64749,4949.27955,0.76603,2.9332,0.0144,0.41491,0.46435,1.52083,1.56398,3.11146,3.09874,1.6515,1.57362,3.05173,8.78661
GW230605_065343,C00:IMRPhenomXO4a,14.41872,17.6758,11.09508,1063.49486,0.20804,4.82752,0.0085,0.28836,0.42539,1.38115,1.38696,3.15646,3.14438,1.55954,1.55119,3.8867,10.93512
GW230605_065343,C00:IMRPhenomXPHM-SpinTaylor,14.46979,17.84222,11.06728,1062.49969,0.20783,4.85697,0.00525,0.29101,0.44206,1.3411,1.33043,3.12572,3.17541,1.55717,1.56641,3.86038,10.95352
GW230605_065343,C00:Mixed,14.46023,17.96875,10.98112,1066.09969,0.2085,4.87029,0.01058,0.30183,0.43707,1.33408,1.35707,3.13909,3.15729,1.55905,1.5796,3.57292,10.95469
GW230605_065343,C00:Mixed+XO4a,14.44643,17.87105,11.01952,1065.11288,0.20833,4.85626,0.00989,0.29741,0.4332,1.34963,1.36685,3.14434,3.15273,1.55906,1.57015,3.6775,10.94816
GW230605_065343,C00:SEOBNRv5PHM,14.45041,18.08897,10.89608,1070.06286,0.20924,4.88934,0.01676,0.31236,0.43144,1.32789,1.38327,3.15096,3.14121,1.5595,1.59098,3.28336,10.95597
GW230806_204041,C00:IMRPhenomXPHM-SpinTaylor,66.69701,51.6277,35.19643,5619.10472,0.84884,4.43489,-0.56262,0.45468,0.47567,1.33593,1.44581,3.11253,3.15026,1.61771,1.5366,3.76773,9.26313
GW230806_204041,C00:Mixed,66.83247,51.69719,35.36335,5605.63131,0.84714,4.42096,-0.56377,0.44218,0.47079,1.36622,1.45179,3.11535,3.1399,1.61617,1.55764,3.12571,9.26397
GW230806_204041,C00:NRSur7dq4,66.66067,51.59262,35.27359,5608.34383,0.8474,4.40606,-0.55915,0.43517,0.46459,1.38166,1.45331,3.13106,3.12131,1.63825,1.57932,2.80311,9.26619
GW230806_204041,C00:SEOBNRv5PHM,67.15309,51.87622,35.6315,5589.12151,0.84515,4.41526,-0.56856,0.43706,0.47227,1.38073,1.45688,3.10138,3.14388,1.59194,1.55147,2.81175,9.2628
GW230820_212515,C00:IMRPhenomXPHM-SpinTaylor,62.14958,65.44513,31.9062,3978.16232,0.63852,4.63078,-0.79178,0.48736,0.5259,1.08525,1.27911,3.14884,3.22905,2.05175,1.54714,3.16414,9.22953
GW230820_212515,C00:Mixed,63.02387,64.67643,32.60937,4050.87022,0.64829,4.62116,-0.79972,0.48739,0.52411,1.07149,1.27728,3.15481,3.31882,2.06695,1.55146,3.15168,9.22335
GW230820_212515,C00:SEOBNRv5PHM,63.91384,63.90481,33.32246,4124.67702,0.65819,4.61169,-0.80752,0.48789,0.52289,1.05799,1.2757,3.16224,3.40925,2.08143,1.55593,3.14163,9.2169
GW230927_043729,C00:IMRPhenomXPHM-SpinTaylor,41.0073,35.58118,27.65088,3128.64134,0.52494,2.54187,-0.83089,0.41547,0.44274,1.54323,1.58594,3.14219,3.09122,1.62885,1.35555,3.33608,11.51901
GW230927_043729,C00:Mixed,40.98138,35.31672,27.56812,3174.83412,0.53145,2.53557,-0.81796,0.40584,0.44175,1.55621,1.58765,3.15646,3.11037,1.59583,1.35025,3.15157,11.5122
GW230927_043729,C00:NRSur7dq4,40.90207,34.95787,27.53294,3212.45872,0.53673,2.53184,-0.81373,0.38668,0.42967,1.56113,1.59639,3.17403,3.13897,1.57022,1.33575,3.08711,11.50065
GW230927_043729,C00:SEOBNRv5PHM,41.03832,35.40456,27.51544,3185.99698,0.53305,2.52907,-0.80617,0.41539,0.45209,1.56524,1.57774,3.15363,3.10107,1.58914,1.36435,3.03406,11.51622
GW230927_153832,C00:IMRPhenomXO4a,20.06654,22.33749,16.25101,1126.85793,0.2195,5.07462,-0.32082,0.34701,0.39145,1.59937,1.40426,3.12518,2.94173,1.85511,1.71057,3.94537,21.48059
GW230927_153832,C00:IMRPhenomXPHM-SpinTaylor,20.20259,22.23618,16.4742,1142.25911,0.22223,5.08332,-0.29049,0.341,0.40069,1.50702,1.35478,3.0208,3.03249,1.98819,1.66701,3.89504,21.43494
GW230927_153832,C00:Mixed,20.16742,22.00489,16.62998,1130.80751,0.22022,5.10335,-0.28812,0.3274,0.38004,1.49159,1.41335,3.06763,3.07884,1.99179,1.66511,3.70469,21.43427
GW230927_153832,C00:Mixed+XO4a,20.13353,22.11298,16.5045,1129.55741,0.21999,5.09401,-0.29989,0.33383,0.38411,1.52802,1.4094,3.08954,3.03256,1.94527,1.67994,3.78524,21.44958
GW230927_153832,C00:SEOBNRv5PHM,20.1321,21.77078,16.78506,1119.83979,0.2183,5.12489,-0.28629,0.31387,0.35972,1.47536,1.47363,3.12079,3.12654,1.99335,1.66272,3.51969,21.43361
GW230726_002940,C00:IMRPhenomXPHM-SpinTaylor,37.48841,35.96433,27.87069,2102.60161,0.37593,2.89453,5e-05,0.44295,0.46394,1.54118,1.69462,3.07157,3.11617,1.5948,1.57081,3.63052,11.12117
GW230726_002940,C00:Mixed,37.40986,35.84743,28.0108,2074.80543,0.37162,2.89262,-7e-05,0.43124,0.45718,1.58977,1.68717,3.06979,3.12427,1.58325,1.57067,3.24393,11.13279
GW230726_002940,C00:NRSur7dq4,37.38818,35.7784,28.08523,2067.05862,0.37038,2.8926,-0.00336,0.41913,0.4497,1.60269,1.67987,3.0621,3.12505,1.56199,1.56238,3.00662,11.13865
GW230726_002940,C00:SEOBNRv5PHM,37.33886,35.79728,28.08513,2050.11691,0.36783,2.89173,0.00636,0.43099,0.4583,1.62851,1.68478,3.07555,3.12281,1.58199,1.57798,3.08879,11.13894
GW231108_125142,C00:IMRPhenomXPHM-SpinTaylor,23.8186,23.54264,17.44848,2015.18888,0.36418,4.41409,-0.20681,0.35638,0.45759,1.74891,1.78552,3.12696,3.17804,1.53813,1.60262,4.00245,13.5208
GW231108_125142,C00:Mixed,23.74131,23.53697,17.41172,1997.97496,0.36149,4.49717,-0.21957,0.3643,0.45436,1.7901,1.79442,3.13816,3.17595,1.55649,1.59811,3.57425,13.52149
GW231108_125142,C00:SEOBNRv5PHM,23.66286,23.53561,17.36982,1980.9329,0.35884,4.58147,-0.23257,0.37212,0.4509,1.83117,1.80315,3.14703,3.17054,1.57502,1.59471,3.1485,13.52233
GW231230_170116,C00:IMRPhenomXPHM-SpinTaylor,69.98383,56.1651,35.57934,5929.86438,0.8843,2.93004,-0.05935,0.55397,0.5228,2.03443,1.87077,3.14792,3.14964,1.5979,1.56228,3.41333,8.09912
GW231230_170116,C00:Mixed,69.5581,56.76828,35.17312,5842.22306,0.8736,2.94353,-0.05366,0.56538,0.52114,2.04375,1.86307,3.14805,3.13169,1.61725,1.56455,3.28004,8.10448
GW231230_170116,C00:SEOBNRv5PHM,69.13047,57.32258,34.77567,5756.53057,0.86316,2.95762,-0.04773,0.5769,0.51954,2.05391,1.85517,3.15146,3.1144,1.63575,1.56707,3.14333,8.11008
GW230920_071124,C00:IMRPhenomXPHM-SpinTaylor,35.71699,32.91328,23.86044,2888.0566,0.49147,4.53893,0.36741,0.4355,0.46401,1.54374,1.64414,3.14699,2.87129,1.75149,1.42216,3.10856,11.05624
GW230920_071124,C00:Mixed,35.87755,32.95509,24.16823,2857.3897,0.48704,4.56747,0.35828,0.44229,0.46921,1.56301,1.60095,3.15682,2.89584,1.78993,1.416,3.15747,11.07299
GW230920_071124,C00:NRSur7dq4,35.99288,33.00188,24.6055,2783.29938,0.47627,4.60515,0.34492,0.43999,0.47409,1.55102,1.59181,3.16504,3.01104,1.82976,1.36645,3.15662,11.10593
GW230920_071124,C00:SEOBNRv5PHM,35.9223,32.99284,24.03867,2893.77309,0.49234,4.54324,0.3664,0.45263,0.46724,1.58849,1.57283,3.18513,2.80309,1.77954,1.44662,3.19286,11.05769
GW231004_232346,C00:IMRPhenomXO4a,68.14936,68.52245,34.57331,4225.2028,0.67149,5.00779,0.09729,0.45205,0.49485,1.73982,1.64463,3.13372,3.15169,1.51741,1.50772,3.91783,9.01273
GW231004_232346,C00:IMRPhenomXPHM-SpinTaylor,68.60339,68.23959,34.88182,4295.44667,0.68042,5.01145,0.08993,0.46665,0.49625,1.72088,1.63676,3.13595,3.13742,1.53942,1.52459,3.75002,8.97936
GW231004_232346,C00:Mixed,68.29227,66.72743,34.65503,4405.41108,0.69482,5.01809,0.08213,0.45831,0.49758,1.7237,1.63977,3.13515,3.14225,1.54034,1.52532,3.47771,8.96017
GW231004_232346,C00:Mixed+XO4a,68.23559,67.31499,34.61614,4347.66956,0.68732,5.01348,0.08662,0.4564,0.49672,1.73017,1.6419,3.13646,3.14642,1.5322,1.51985,3.62718,8.9778
GW231004_232346,C00:SEOBNRv5PHM,67.981,65.22339,34.4371,4512.98424,0.7089,5.02524,0.07497,0.44981,0.49807,1.72781,1.64441,3.13487,3.14073,1.54201,1.52727,3.20309,8.94022
GW230702_185453,C00:IMRPhenomXPHM-SpinTaylor,32.89039,43.69023,17.97514,2463.42307,0.42984,3.03158,0.05983,0.30573,0.48184,1.40702,1.40616,3.12952,3.16343,1.5822,1.58808,4.21404,10.42788
GW230702_185453,C00:Mixed,32.96576,42.54162,18.38183,2446.71158,0.42726,2.97576,0.08564,0.35904,0.48494,1.44105,1.42695,3.1556,3.17957,1.59039,1.57567,3.54583,10.44204
GW230702_185453,C00:NRSur7dq4,32.98746,43.11547,17.80093,2534.48528,0.44018,2.95107,0.09521,0.35643,0.49853,1.41011,1.40155,3.1582,3.17695,1.58209,1.58634,3.21042,10.41022
GW230702_185453,C00:SEOBNRv5PHM,33.02865,40.74483,19.38786,2346.12473,0.41236,2.94174,0.10305,0.41464,0.47545,1.50529,1.47402,3.18817,3.20639,1.6061,1.55064,3.21177,10.48788
GW240104_164932,C00:IMRPhenomXPHM-SpinTaylor,43.58534,43.23892,32.58992,1937.15819,0.35069,2.99527,0.00788,0.5648,0.51013,1.3183,1.40085,3.31263,3.14116,1.54153,1.57197,3.21862,15.42491
GW240104_164932,C00:Mixed,42.9798,42.7862,32.16522,1916.96508,0.34749,2.99384,0.00582,0.52862,0.48436,1.38704,1.41791,3.23755,3.28954,1.58544,1.57547,3.10087,15.42203
GW240104_164932,C00:NRSur7dq4,42.59385,42.45043,31.60281,1953.88772,0.35321,3.00189,0.00175,0.51354,0.46378,1.44123,1.38183,3.1445,3.36367,1.60931,1.57798,3.05999,15.4384
GW240104_164932,C00:SEOBNRv5PHM,42.75857,42.68018,32.30613,1858.29741,0.33832,2.97928,0.0048,0.50671,0.47941,1.40321,1.46899,3.24851,3.364,1.60931,1.57937,3.01086,15.40271
GW231221_135041,C00:IMRPhenomXO4a,53.13562,49.28348,27.12953,4856.14046,0.7521,4.57342,-0.64255,0.6412,0.48661,1.52125,1.58905,3.13289,3.04431,1.60734,1.58256,2.73884,8.61029
GW231221_135041,C00:IMRPhenomXPHM-SpinTaylor,54.01946,49.37455,28.90069,4623.41388,0.72165,4.57679,-0.61916,0.59178,0.5067,1.48148,1.60262,3.26092,2.98124,1.65419,1.59991,2.50472,8.53699
GW231221_135041,C00:Mixed,53.73319,50.03246,28.55186,4552.57203,0.71264,4.5787,-0.61318,0.59331,0.50248,1.52527,1.61928,3.22759,2.93222,1.65916,1.61577,2.84338,8.54779
GW231221_135041,C00:Mixed+XO4a,53.53842,49.77387,28.07988,4655.56329,0.72602,4.57657,-0.62277,0.60931,0.49723,1.52343,1.60954,3.1961,2.96863,1.64221,1.60435,2.80687,8.56856
GW231221_135041,C00:SEOBNRv5PHM,53.45087,50.70418,28.19431,4484.34809,0.70394,4.57843,-0.60881,0.59554,0.49809,1.56829,1.63593,3.19149,2.89019,1.66167,1.63121,3.18328,8.55909
GW230731_215307,C00:IMRPhenomXPHM-SpinTaylor,9.45815,10.59677,7.74607,1087.24446,0.21288,3.72779,-0.04692,0.33168,0.39758,1.66195,1.69825,3.19705,3.12949,1.58599,1.57999,3.24414,12.1708
GW230731_215307,C00:Mixed,9.45472,10.62369,7.73837,1080.82938,0.21173,3.73661,-0.09309,0.32956,0.40911,1.68057,1.69324,3.1782,3.12341,1.59038,1.58963,3.17307,12.16367
GW230731_215307,C00:SEOBNRv5PHM,9.45139,10.6428,7.73355,1075.55468,0.21078,3.73799,-0.13887,0.32798,0.41989,1.70498,1.68609,3.15144,3.11763,1.59351,1.60008,3.10422,12.15554
GW231119_075248,C00:IMRPhenomXPHM-SpinTaylor,69.03895,50.04808,34.07911,6822.55528,0.99146,2.84424,-0.03524,0.45384,0.4711,1.58327,1.58372,3.13006,3.15018,1.61456,1.58539,2.96865,8.40238
GW231119_075248,C00:Mixed,68.80095,49.64569,34.06104,6813.9651,0.99065,2.83666,-0.03949,0.44011,0.46902,1.59781,1.5865,3.1367,3.14831,1.615,1.58685,3.08593,8.40877
GW231119_075248,C00:NRSur7dq4,68.50999,49.49492,34.05023,6763.0863,0.98468,2.82813,-0.03809,0.42031,0.46538,1.60733,1.58175,3.14831,3.14761,1.62603,1.59465,3.14336,8.40276
GW231119_075248,C00:SEOBNRv5PHM,68.83513,49.41203,34.06467,6846.70166,0.99471,2.84425,-0.04309,0.44595,0.4703,1.60282,1.59597,3.12563,3.13787,1.60127,1.57979,3.14034,8.42089
GW230707_124047,C00:IMRPhenomXPHM-SpinTaylor,60.3361,46.58772,36.55873,4487.25315,0.708,3.0733,-0.02824,0.48184,0.48566,1.63223,1.70988,3.14567,3.17103,1.61126,1.57312,3.04987,11.61192
GW230707_124047,C00:Mixed,60.32441,46.66026,37.04893,4389.88563,0.69496,3.06372,-0.01854,0.47057,0.47981,1.67285,1.71506,3.12992,3.16122,1.62231,1.57714,3.23767,11.62956
GW230707_124047,C00:NRSur7dq4,60.1519,46.47631,36.99211,4395.74406,0.69551,3.07037,-0.0195,0.46146,0.47112,1.699,1.72574,3.11027,3.15269,1.63826,1.58763,3.32695,11.63664
GW230707_124047,C00:SEOBNRv5PHM,60.49565,46.90084,37.60226,4290.41553,0.68184,3.04676,-0.00873,0.46903,0.48246,1.68625,1.71079,3.12457,3.16186,1.62052,1.57044,3.33017,11.64022
GW231223_075055,C00:IMRPhenomXO4a,9.28513,12.77777,6.72959,978.07711,0.19302,2.88974,-0.79505,0.43377,0.45653,1.31666,1.51072,3.16022,2.95878,1.02894,1.60767,3.42893,8.95633
GW231223_075055,C00:IMRPhenomXPHM-SpinTaylor,9.31133,12.71376,6.7786,987.65664,0.19474,2.88102,-0.77089,0.43299,0.45132,1.27287,1.50689,3.13707,3.16792,1.05137,1.5969,3.33289,8.89905
GW231223_075055,C00:Mixed,9.30594,12.70155,6.78938,985.94038,0.19442,2.87251,-0.77297,0.43784,0.45516,1.29886,1.48965,3.14415,3.17737,1.03907,1.60048,3.24053,8.9132
GW231223_075055,C00:Mixed+XO4a,9.2989,12.73072,6.76779,983.3995,0.19397,2.87766,-0.7803,0.43658,0.45556,1.30498,1.49554,3.15057,3.10492,1.03545,1.60293,3.30227,8.92755
GW231223_075055,C00:SEOBNRv5PHM,9.30116,12.68381,6.8035,984.18594,0.1941,2.86708,-0.77543,0.44259,0.45949,1.32422,1.47416,3.15528,3.18301,1.02921,1.60051,3.15605,8.92578
GW230811_032116,C00:IMRPhenomXPHM-SpinTaylor,33.12469,36.09508,22.32977,2034.7523,0.36582,1.85907,-0.32687,0.43255,0.46094,1.41319,1.67656,3.17459,3.21455,1.60958,1.36946,1.58155,14.00024
GW230811_032116,C00:Mixed,33.11984,36.64945,22.01598,2037.70857,0.36642,1.84335,-0.32223,0.47365,0.46394,1.43314,1.6748,3.18329,3.28696,1.57239,1.37259,2.59266,14.04254
GW230811_032116,C00:SEOBNRv5PHM,33.10735,37.2184,21.68839,2039.55663,0.36685,1.82871,-0.31776,0.51424,0.46794,1.45412,1.67524,3.19416,3.35532,1.53669,1.37994,3.60068,14.08538
GW231231_154016,C00:IMRPhenomXPHM-SpinTaylor,20.6907,22.94684,17.17214,1071.15791,0.2092,2.9935,0.025,0.31605,0.40072,1.71592,1.60257,3.07944,3.10703,1.51267,1.55513,3.37687,14.32407
GW231231_154016,C00:Mixed,20.67961,22.86037,17.20421,1073.38785,0.20961,2.98553,0.01925,0.35701,0.41248,1.69503,1.63882,3.12186,3.11827,1.55445,1.55897,3.33772,14.33051
GW231231_154016,C00:SEOBNRv5PHM,20.66865,22.77309,17.23527,1076.13658,0.2101,2.97903,0.01428,0.39785,0.42371,1.67394,1.67486,3.16248,3.12704,1.59517,1.56108,3.29995,14.33684
GW231123_135430,C00:IMRPhenomTPHM,154.37452,134.26973,110.10019,2699.08375,0.46647,3.4213,0.30466,0.90037,0.8364,0.96455,1.12583,3.63389,2.74656,1.56432,1.58173,4.25389,22.69738
GW231123_135430,C00:IMRPhenomXO4a,118.30984,145.20882,54.62308,3470.6322,0.57539,3.89014,0.5365,0.91444,0.48046,1.12883,1.28611,3.08398,2.70365,0.62162,1.37308,1.82441,22.66982
GW231123_135430,C00:IMRPhenomXPHM-SpinTaylor,119.39569,150.00374,93.02989,858.90012,0.1722,3.35009,0.32037,0.77638,0.62683,1.82388,0.90251,3.8104,2.50525,1.57639,2.08735,5.01946,22.37595
GW231123_135430,C00:Mixed,134.7328,138.66509,95.65999,2182.83757,0.38282,3.46146,0.34103,0.86697,0.7135,1.16987,1.20856,3.27233,3.13546,1.40234,1.51394,3.62527,22.58779
GW231123_135430,C00:NRSur7dq4,134.82118,129.32711,110.0197,1675.29768,0.30721,3.32948,0.28738,0.85887,0.86973,1.01784,1.62696,2.4958,3.69879,1.65724,1.17136,3.24553,22.56913
GW231123_135430,C00:SEOBNRv5PHM,146.79884,134.50317,110.49018,2214.16937,0.39346,3.31704,0.25654,0.88438,0.75523,0.91139,1.10065,3.34181,4.02914,1.59446,1.35033,3.77,22.62426
GW230911_195324,C00:IMRPhenomXO4a,29.05246,34.46362,21.40412,1302.25838,0.24779,3.1797,0.00963,0.36004,0.48043,1.67065,1.76614,3.10011,3.11263,1.58079,1.56904,4.61206,12.86522
GW230911_195324,C00:IMRPhenomXPHM-SpinTaylor,28.43829,35.8766,20.36846,1202.50653,0.23097,3.18989,0.00662,0.51384,0.47934,1.5922,1.67412,2.97891,2.93747,1.5864,1.56219,4.43153,12.95481
GW230911_195324,C00:Mixed,28.39205,36.1397,20.36924,1165.74535,0.22463,3.19173,0.00143,0.53329,0.49073,1.61321,1.74024,2.94638,2.98423,1.57785,1.56911,3.73815,12.99264
GW230911_195324,C00:Mixed+XO4a,28.61708,35.57568,20.71818,1212.18921,0.23251,3.18913,0.00528,0.47577,0.48752,1.63169,1.75016,2.99733,3.02512,1.5781,1.56914,4.02639,12.9502
GW230911_195324,C00:SEOBNRv5PHM,28.35812,36.37564,20.38733,1131.43632,0.21872,3.18837,-0.00249,0.55154,0.50156,1.63295,1.80788,2.91177,3.02969,1.56681,1.57618,3.04547,13.02894
GW230709_122727,C00:IMRPhenomXPHM-SpinTaylor,55.13309,46.18092,30.44405,4781.39173,0.7429,2.52142,0.10521,0.49076,0.49428,1.35818,1.43235,3.16232,3.06474,1.78458,1.55958,2.82354,9.31657
GW230709_122727,C00:Mixed,54.60333,46.11847,30.05751,4749.09189,0.73855,2.5267,0.0906,0.47078,0.48914,1.37467,1.43617,3.14917,3.04953,1.77259,1.56047,2.95844,9.31734
GW230709_122727,C00:NRSur7dq4,54.25535,45.8412,29.81552,4756.26313,0.73941,2.53154,0.08496,0.46296,0.48713,1.38742,1.43621,3.14529,3.05103,1.76686,1.55645,3.02213,9.31821
GW230709_122727,C00:SEOBNRv5PHM,54.46128,46.33039,29.95991,4708.17978,0.73313,2.53986,0.07612,0.4603,0.48775,1.38102,1.43718,3.1355,3.04448,1.75798,1.56327,3.03583,9.31817
GW230824_033047,C00:IMRPhenomXPHM-SpinTaylor,64.67212,53.82104,35.74104,4716.81333,0.73731,3.23421,-0.03551,0.45773,0.46477,1.5888,1.59016,3.11582,3.16926,1.66398,1.5627,2.65348,12.16021
GW230824_033047,C00:Mixed,64.31483,54.03264,35.43,4685.85863,0.73333,3.20643,-0.04981,0.43476,0.45168,1.59579,1.60067,3.12175,3.20596,1.662,1.57042,3.36372,12.17086
GW230824_033047,C00:NRSur7dq4,63.77061,54.59894,34.91746,4630.80283,0.72612,3.19491,-0.05455,0.42537,0.43533,1.59256,1.60614,3.12266,3.18826,1.6517,1.57062,3.71046,12.1831
GW230824_033047,C00:SEOBNRv5PHM,64.48418,53.6837,35.6156,4706.6244,0.73621,3.19483,-0.05861,0.42048,0.45568,1.60916,1.60664,3.12672,3.25554,1.67578,1.57629,3.73211,12.17004
GW230518_125908,C00:IMRPhenomNSBH:LowSpin,2.94376,8.07209,1.46327,255.63043,0.05543,2.10892,-0.5944,0.07547,0.01251,1.73274,1.56689,0.0,0.0,1.85189,1.57526,3.08988,13.94474
GW230518_125908,C00:IMRPhenomPv2-NRTidalv2:LowSpin,2.94221,7.60105,1.56012,259.36817,0.05623,1.95132,-0.45585,0.21942,0.02512,1.82431,1.56081,3.0987,3.2011,2.09156,1.57761,3.15593,13.89577
GW230518_125908,C00:IMRPhenomXPHM-SpinTaylor,2.94296,8.15539,1.45301,238.54899,0.05187,2.18798,-0.70076,0.07926,0.46701,1.65435,1.66251,3.09679,3.11419,1.70702,1.55142,3.94828,14.29351
GW230518_125908,C00:SEOBNRv4_ROM_NRTidalv2_NSBH:LowSpin,2.94314,7.81835,1.51555,243.41477,0.05288,2.07973,-0.5744,0.11331,0.01262,1.98181,1.5547,0.0,0.0,1.87235,1.57344,3.13186,13.94786
GW230706_104333,C00:IMRPhenomXPHM-SpinTaylor,15.97439,16.71263,11.51176,1908.58035,0.34662,2.78427,-0.19943,0.47583,0.52739,1.08557,1.30056,3.16159,3.06189,1.52894,1.63418,3.19644,9.3669
GW230706_104333,C00:Mixed,15.96733,16.73443,11.52812,1892.76451,0.34412,2.80521,-0.2058,0.47965,0.53038,1.08666,1.32324,3.1315,3.06453,1.54368,1.63092,3.13938,9.38048
GW230706_104333,C00:SEOBNRv5PHM,15.96044,16.75275,11.54199,1878.66554,0.34189,2.81705,-0.20968,0.48342,0.53386,1.08817,1.34653,3.10084,3.06597,1.55838,1.6279,3.0757,9.39395
GW230831_015414,C00:IMRPhenomXPHM-SpinTaylor,54.63915,44.20265,31.20282,4829.19677,0.74628,3.09577,0.0996,0.54156,0.50029,1.44274,1.57005,3.12714,3.04438,1.59795,1.58727,3.21824,8.89994
GW230831_015414,C00:Mixed,54.78314,43.6897,31.39688,4887.98725,0.75363,3.11935,0.0999,0.51567,0.49513,1.45637,1.57436,3.12225,3.08741,1.59239,1.58617,3.16883,8.8759
GW230831_015414,C00:SEOBNRv5PHM,54.9068,43.11885,31.58662,4949.18083,0.76134,3.13603,0.10127,0.48995,0.49062,1.47182,1.57477,3.1061,3.12958,1.58669,1.5821,3.11426,8.85225
GW231113_122623,C00:IMRPhenomXPHM-SpinTaylor,44.37818,41.88442,26.88488,3398.56858,0.56168,4.33722,0.52861,0.66604,0.5381,0.83803,1.22378,3.08594,3.19489,1.4269,1.60363,2.51286,8.58197
GW231113_122623,C00:Mixed,44.55153,41.47583,27.32753,3383.11579,0.55954,4.318,0.5316,0.66465,0.53932,0.85852,1.23892,3.07883,3.18349,1.42624,1.57831,2.78461,8.58774
GW231113_122623,C00:SEOBNRv5PHM,44.73079,41.07045,27.77517,3368.00933,0.55747,4.30066,0.53413,0.6639,0.53891,0.87784,1.25444,3.06655,3.17726,1.42495,1.55415,3.05014,8.59407
GW230708_053705,C00:IMRPhenomXPHM-SpinTaylor,34.57679,29.43988,22.97982,3304.15459,0.54932,3.39389,0.81431,0.52298,0.50881,1.3523,1.52086,3.1191,3.11511,1.577,1.57796,3.4415,9.06823
GW230708_053705,C00:Mixed,34.49424,29.56971,23.11549,3225.5467,0.53818,3.37861,0.80674,0.53297,0.50519,1.37111,1.55493,3.13967,3.12909,1.57292,1.59974,3.25506,9.11174
GW230708_053705,C00:NRSur7dq4,34.2849,29.34939,23.0968,3205.29675,0.53521,3.36765,0.80862,0.5242,0.50418,1.38266,1.57565,3.13202,3.20846,1.54741,1.62258,3.17521,9.13127
GW230708_053705,C00:SEOBNRv5PHM,34.61713,29.92418,23.27414,3163.76724,0.52953,3.37362,0.79662,0.55134,0.50322,1.37832,1.5695,3.17308,3.06209,1.59277,1.60066,3.14717,9.13609
GW231118_071402,C00:IMRPhenomXO4a,51.87787,43.32658,30.05732,4418.48857,0.69618,3.13758,0.08677,0.47174,0.48161,1.31691,1.43953,3.12377,3.29327,1.17646,1.47824,2.83879,9.31082
GW231118_071402,C00:IMRPhenomXPHM-SpinTaylor,52.17831,44.36005,30.27769,4307.10636,0.68116,3.14538,0.06825,0.49524,0.49244,1.26573,1.4116,3.14468,3.25278,1.19921,1.51345,3.06803,9.31307
GW231118_071402,C00:Mixed,51.88164,43.88492,30.06646,4332.89706,0.68473,3.16946,0.0804,0.47769,0.48465,1.3024,1.40658,3.13445,3.21015,1.2198,1.51525,3.06997,9.31128
GW231118_071402,C00:Mixed+XO4a,51.88849,43.7407,30.06952,4355.69968,0.68778,3.16153,0.08244,0.47596,0.48395,1.30605,1.4145,3.1318,3.23264,1.20961,1.50634,3.01139,9.31108
GW231118_071402,C00:NRSur7dq4,51.64801,43.54241,29.73112,4399.4522,0.69335,3.17659,0.094,0.46572,0.48071,1.32525,1.3869,3.16121,3.13928,1.25698,1.52227,3.07545,9.31424
GW231118_071402,C00:SEOBNRv5PHM,51.80897,43.76767,30.16496,4293.56078,0.67983,3.19314,0.07586,0.47168,0.48174,1.31508,1.42355,3.10431,3.23636,1.20383,1.51387,3.06575,9.30615
GW240109_050431,C00:IMRPhenomXPHM-SpinTaylor,25.23699,29.2593,18.16188,1496.71481,0.28031,2.98644,0.00723,0.34786,0.44458,1.82776,1.70134,3.10334,3.12175,1.56422,1.55439,4.05843,11.33566
GW240109_050431,C00:Mixed,25.21336,29.20879,18.1528,1498.0144,0.28051,2.98184,0.00698,0.34588,0.45177,1.83397,1.71794,3.10954,3.12682,1.57628,1.55698,3.59113,11.32943
GW240109_050431,C00:SEOBNRv5PHM,25.19256,29.15548,18.14773,1499.41164,0.28073,2.97757,0.00778,0.3433,0.45876,1.83874,1.73495,3.11768,3.13836,1.58946,1.55859,3.12403,11.32292
GW230704_212616,C00:IMRPhenomXO4a,112.50802,96.81619,47.69694,7161.31076,1.02932,3.85174,-0.15814,0.63788,0.51933,0.87365,1.34005,3.1387,3.1268,1.61969,1.5859,2.87135,8.86289
GW230704_212616,C00:IMRPhenomXPHM-SpinTaylor,112.60255,98.06643,47.26283,7156.44838,1.0286,3.88784,-0.14466,0.65286,0.51885,0.85106,1.30589,3.14073,3.15544,1.54741,1.57518,2.86729,8.85475
GW230704_212616,C00:Mixed,115.10404,94.89965,48.78105,7480.79916,1.0668,3.89755,-0.14385,0.62931,0.51647,0.88655,1.3223,3.10226,3.14214,1.57871,1.56095,3.00207,8.78549
GW230704_212616,C00:Mixed+XO4a,114.22571,95.52216,48.40249,7375.74682,1.0545,3.88345,-0.14861,0.63224,0.51726,0.88204,1.32809,3.11237,3.13587,1.59266,1.56969,2.95876,8.81098
GW230704_212616,C00:SEOBNRv5PHM,117.68393,91.70502,50.39085,7801.46954,1.10455,3.90349,-0.14168,0.60549,0.51431,0.92438,1.33844,3.05565,3.12861,1.61053,1.54699,3.14075,8.71516
GW231213_111417,C00:IMRPhenomXPHM-SpinTaylor,44.65245,36.14959,27.49646,4084.06864,0.65486,3.15534,0.23864,0.47497,0.46186,1.35925,1.48046,3.10599,3.1177,1.60109,1.5344,3.5357,10.6451
GW231213_111417,C00:Mixed,44.45883,35.86091,27.53922,4062.56007,0.65201,3.15451,0.24319,0.44421,0.45655,1.3995,1.49422,3.11701,3.12028,1.59362,1.53654,3.29471,10.64355
GW231213_111417,C00:NRSur7dq4,44.1991,35.74929,27.59636,3997.74408,0.64332,3.15129,0.25183,0.41632,0.44156,1.41166,1.50277,3.11311,3.16291,1.5808,1.53177,3.1758,10.64302
GW231213_111417,C00:SEOBNRv5PHM,44.51844,35.67898,27.52202,4105.45835,0.65778,3.1585,0.23957,0.44128,0.46633,1.42685,1.50175,3.13133,3.08246,1.59886,1.54359,3.17449,10.64253
GW231110_040320,C00:IMRPhenomXPHM-SpinTaylor,18.05448,20.19329,12.46689,1830.73599,0.33458,1.19724,0.31903,0.46145,0.53233,1.1111,1.30787,3.14618,3.15134,1.53652,1.53224,3.66794,11.49247
GW231110_040320,C00:Mixed,18.04305,19.8684,12.58706,1843.14338,0.33655,1.19978,0.32536,0.46487,0.52359,1.11761,1.33864,3.12271,3.16674,1.54555,1.52584,3.368,11.48713
GW231110_040320,C00:SEOBNRv5PHM,18.03062,19.54151,12.70563,1856.13333,0.33862,1.20625,0.33185,0.4684,0.51436,1.12505,1.36828,3.10561,3.18325,1.55475,1.51813,3.06912,11.48131
GW230819_171910,C00:IMRPhenomXPHM-SpinTaylor,71.04229,80.65581,34.94637,4087.89799,0.65177,2.48638,0.48249,0.59943,0.51324,1.66133,1.66999,3.20594,2.9568,1.59787,1.6529,3.3544,9.76136
GW230819_171910,C00:Mixed,68.34611,77.9132,33.80781,4015.51852,0.64234,2.45044,0.50234,0.57306,0.50944,1.69502,1.64711,3.18473,3.02199,1.58867,1.64614,3.22853,9.76766
GW230819_171910,C00:SEOBNRv5PHM,65.64018,75.14089,32.67172,3943.95157,0.633,2.41452,0.52307,0.54711,0.50494,1.72918,1.62317,3.16302,3.08862,1.58,1.6383,3.09997,9.77387
GW231114_043211,C00:IMRPhenomXO4a,14.59113,23.29834,8.28633,1384.72777,0.26247,4.05958,0.25579,0.21207,0.45486,1.18891,1.4502,3.16056,3.09843,1.61673,1.34207,2.7143,10.19004
GW231114_043211,C00:IMRPhenomXPHM-SpinTaylor,14.63344,23.80157,8.18392,1378.63208,0.26152,4.10677,0.22869,0.22512,0.46663,1.11055,1.42324,3.11275,3.03142,1.6293,1.37536,2.69278,10.22894
GW231114_043211,C00:Mixed,14.62483,23.70844,8.18627,1391.6444,0.26368,4.10852,0.26235,0.22252,0.46413,1.12622,1.42624,3.13717,3.07315,1.64111,1.37083,2.81802,10.2183
GW231114_043211,C00:Mixed+XO4a,14.61364,23.57459,8.21969,1388.92216,0.26321,4.09338,0.25997,0.21902,0.46111,1.14693,1.43384,3.14471,3.0811,1.63333,1.36042,2.78335,10.20891
GW231114_043211,C00:SEOBNRv5PHM,14.61627,23.6123,8.19095,1404.12727,0.26577,4.10285,0.29841,0.21997,0.46132,1.14231,1.42847,3.16297,3.11764,1.65073,1.36781,2.94412,10.20748
GW230630_125806,C00:IMRPhenomXPHM-SpinTaylor,65.51265,53.83076,33.37177,5665.68163,0.85014,3.0516,0.02715,0.58207,0.53113,1.18486,1.33862,3.15666,3.10121,1.6405,1.57613,3.37563,8.86262
GW230630_125806,C00:Mixed,65.15106,53.55239,33.78268,5487.50115,0.82796,3.0531,0.02817,0.55897,0.53659,1.22436,1.31203,3.20957,3.05578,1.63448,1.57373,3.25184,8.9288
GW230630_125806,C00:NRSur7dq4,65.15905,51.69373,34.09358,5653.48884,0.84857,3.04965,0.03025,0.51053,0.56616,1.26673,1.2832,3.20207,3.20258,1.62589,1.56519,3.1387,8.94379
GW230630_125806,C00:SEOBNRv5PHM,64.79775,55.15573,33.8744,5146.91299,0.7856,3.06492,0.0252,0.58497,0.51369,1.22212,1.31755,3.2626,2.85941,1.63362,1.57874,3.23628,8.97985
GW231224_024321,C00:IMRPhenomXPHM-SpinTaylor,8.48584,9.5359,7.23253,922.45568,0.18375,3.62064,-0.38044,0.37096,0.36315,1.56249,1.57191,3.1509,3.15282,1.52554,1.59947,3.32489,13.1592
GW231224_024321,C00:Mixed,8.48323,9.49654,7.25176,925.52389,0.18428,3.60785,-0.37401,0.34301,0.36144,1.57976,1.56461,3.14688,3.14947,1.53593,1.5868,3.24557,13.13662
GW231224_024321,C00:SEOBNRv5PHM,8.48045,9.45979,7.26874,928.41233,0.18477,3.59323,-0.36583,0.31432,0.36092,1.59519,1.55965,3.14118,3.13693,1.54984,1.57309,3.1743,13.1137
GW240107_013215,C00:IMRPhenomXO4a,67.94834,63.79513,29.94779,5994.3232,0.89207,2.85058,-0.62535,0.69842,0.53099,1.08681,1.26626,3.12941,3.08227,1.47887,1.51453,3.23904,9.41214
GW240107_013215,C00:IMRPhenomXPHM-SpinTaylor,67.05722,61.2541,30.0161,6064.12299,0.89963,2.86688,-0.6636,0.63054,0.54765,0.92735,1.22552,3.16766,3.08415,1.60987,1.54169,3.2625,9.22856
GW240107_013215,C00:Mixed,70.27867,61.96292,32.7704,6010.33058,0.89363,2.90244,-0.67648,0.67046,0.5458,0.9233,1.23923,3.19525,3.09479,1.6039,1.55482,3.17022,9.28863
GW240107_013215,C00:Mixed+XO4a,69.50079,62.56822,31.8325,6004.761,0.89308,2.88512,-0.65899,0.67975,0.54082,0.97777,1.24858,3.17322,3.08968,1.56282,1.54157,3.19197,9.32969
GW240107_013215,C00:SEOBNRv5PHM,73.49138,62.66887,35.51224,5957.7948,0.8878,2.93706,-0.6891,0.70994,0.54433,0.91965,1.25307,3.22289,3.10435,1.59804,1.56592,3.07835,9.34843
GW230627_015337,C00:IMRPhenomXPHM-SpinTaylor,6.41295,8.45169,5.79053,294.63768,0.06358,2.71167,0.83986,0.15911,0.28049,1.44468,1.38757,3.17157,3.15117,1.36871,1.92611,1.89297,28.73582
GW230627_015337,C00:Mixed,6.41193,8.44959,5.79537,291.76213,0.06298,2.70014,0.84068,0.15868,0.2771,1.4358,1.42057,3.16216,3.1286,1.37991,1.94701,2.67114,28.73315
GW230627_015337,C00:SEOBNRv5PHM,6.41093,8.44749,5.80041,288.67709,0.06233,2.69082,0.8419,0.15839,0.27177,1.42601,1.45423,3.14916,3.10727,1.39329,1.97295,3.45542,28.73128
GW230919_215712,C00:IMRPhenomXPHM-SpinTaylor,26.41659,27.76079,21.4937,1324.90529,0.25301,3.7945,0.02722,0.4353,0.46648,1.12195,1.2361,3.13688,3.7555,2.30759,1.49111,3.59133,17.1542
GW230919_215712,C00:Mixed,26.45801,27.78027,21.54601,1324.14051,0.25291,3.76458,0.0177,0.46825,0.48362,1.14043,1.23903,3.168,3.84825,2.29857,1.50727,3.36992,17.17904
GW230919_215712,C00:SEOBNRv5PHM,26.50107,27.79763,21.60089,1323.62654,0.25286,3.7342,0.00841,0.50133,0.50058,1.15825,1.24189,3.19924,3.94141,2.28977,1.52384,3.1492,17.20387
GW231028_153006,C00:IMRPhenomXO4a,98.09651,103.12729,51.61394,3747.49263,0.61149,2.08086,-0.1879,0.7546,0.52216,0.81377,1.29954,3.13127,3.24214,1.4183,1.54565,4.00478,22.93245
GW231028_153006,C00:IMRPhenomXPHM-SpinTaylor,110.19395,93.80855,62.09441,4364.10047,0.69473,2.09552,-0.17617,0.7999,0.56375,0.6165,1.08873,3.17698,3.15239,1.48432,1.59273,3.62621,22.81686
GW231028_153006,C00:Mixed,103.62815,100.47331,55.14991,4082.63281,0.65734,2.13276,-0.17733,0.76812,0.54433,0.71186,1.23687,3.28197,3.15872,1.51488,1.67187,2.97352,22.90223
GW231028_153006,C00:Mixed+XO4a,102.22581,101.15065,54.24094,3999.02651,0.6459,2.11821,-0.18025,0.76485,0.53846,0.73729,1.25253,3.24501,3.17852,1.4918,1.64024,3.23193,22.90983
GW231028_153006,C00:NRSur7dq4,97.55243,100.29903,50.21592,3964.18142,0.64133,2.09015,-0.18953,0.72106,0.53345,0.76966,1.41126,3.54575,3.07465,1.77515,1.68986,2.8502,22.9453
GW231028_153006,C00:SEOBNRv5PHM,103.18563,107.16337,53.28403,3917.36892,0.63565,2.21743,-0.16531,0.7812,0.53657,0.75119,1.19973,3.12297,3.24743,1.28831,1.73273,2.44318,22.94378
GW231129_081745,C00:IMRPhenomXO4a,45.46997,45.15811,24.46239,3900.13217,0.62693,2.27064,0.44748,0.3895,0.47909,1.49307,1.66368,3.14891,3.10886,1.5626,1.75319,1.93647,8.26009
GW231129_081745,C00:IMRPhenomXPHM-SpinTaylor,45.57979,45.68303,24.52421,3848.76053,0.62002,2.2566,0.47634,0.36521,0.46662,1.40862,1.63789,3.09678,3.14961,1.5648,1.627,2.36581,8.25554
GW231129_081745,C00:Mixed,45.39612,46.50363,24.0217,3825.15611,0.61705,2.23734,0.48236,0.39201,0.47759,1.43386,1.61583,3.06998,3.14454,1.58257,1.60483,2.85825,8.29388
GW231129_081745,C00:Mixed+XO4a,45.41998,46.16811,24.14574,3841.31903,0.6192,2.2447,0.47229,0.39039,0.4786,1.44983,1.62647,3.09377,3.13691,1.57848,1.64345,2.62336,8.28573
GW231129_081745,C00:NRSur7dq4,45.19256,46.12949,23.85015,3856.68836,0.62139,2.23353,0.49282,0.38907,0.48736,1.45273,1.59412,3.03493,3.14935,1.58285,1.58724,3.08843,8.31897
GW231129_081745,C00:SEOBNRv5PHM,45.39706,47.68973,23.62255,3775.05493,0.61066,2.20577,0.48946,0.4194,0.47429,1.44466,1.62329,3.04197,3.14847,1.60297,1.60885,3.10986,8.31171
GW230729_082317,C00:IMRPhenomXPHM-SpinTaylor,10.89074,13.51791,7.4135,1630.82895,0.30293,3.07438,-0.13627,0.37701,0.47751,1.15568,1.34862,3.17042,3.15797,1.7146,1.57025,3.01576,8.5648
GW230729_082317,C00:Mixed,10.8859,13.29648,7.49569,1622.13634,0.30147,3.10821,-0.13084,0.37453,0.47492,1.1759,1.3405,3.14066,3.16478,1.70565,1.55493,3.04337,8.55295
GW230729_082317,C00:SEOBNRv5PHM,10.88118,13.06663,7.58646,1612.31658,0.29983,3.13321,-0.12454,0.37159,0.47236,1.19808,1.33178,3.11337,3.17009,1.69865,1.5436,3.07684,8.54278
GW230825_041334,C00:IMRPhenomXO4a,52.19675,44.43462,28.44871,4853.39697,0.74876,3.03,-0.08783,0.66583,0.51059,0.98878,1.38583,3.11265,3.26152,1.62131,1.58781,3.77528,8.92204
GW230825_041334,C00:IMRPhenomXPHM-SpinTaylor,53.17409,43.79025,28.27639,5258.19625,0.80012,3.04503,-0.1018,0.64684,0.51941,0.88505,1.32388,3.14513,3.18252,1.58681,1.5848,3.56094,8.80716
GW230825_041334,C00:Mixed,52.98559,45.87389,28.43405,4864.87267,0.7501,3.02668,-0.11398,0.68484,0.51964,0.93258,1.36284,3.14635,3.17454,1.58592,1.57372,3.21618,8.97904
GW230825_041334,C00:Mixed+XO4a,52.79044,45.52215,28.44393,4860.0285,0.74952,3.02608,-0.10708,0.68,0.51701,0.94563,1.369,3.13749,3.19978,1.59491,1.57657,3.35917,8.96465
GW230825_041334,C00:NRSur7dq4,52.27974,45.2776,27.77532,4911.88232,0.75672,3.00892,-0.12945,0.67819,0.51352,0.95735,1.38114,3.10201,3.10645,1.57217,1.56377,3.1086,9.0063
GW230825_041334,C00:SEOBNRv5PHM,53.48811,48.46341,29.17861,4448.37818,0.69666,3.02629,-0.1104,0.73046,0.52398,0.95642,1.38691,3.20354,3.22419,1.59889,1.56767,2.97968,9.12505
GW231118_090602,C00:IMRPhenomXPHM-SpinTaylor,10.54895,16.63605,6.6285,1342.34241,0.25608,3.13386,0.07238,0.4345,0.45745,1.08651,1.48776,3.15747,3.1677,1.51685,1.56762,1.98429,11.09766
GW231118_090602,C00:Mixed,10.53229,14.97165,7.04584,1328.04117,0.25359,3.15786,0.06168,0.42227,0.45541,1.17556,1.48693,3.16041,3.15559,1.5273,1.55645,2.69788,11.07591
GW231118_090602,C00:SEOBNRv5PHM,10.5164,13.36445,7.44469,1316.4052,0.25156,3.18428,0.04984,0.4119,0.45416,1.26372,1.4886,3.16933,3.14058,1.53302,1.55054,3.41592,11.05524
GW230914_111401,C00:IMRPhenomXO4a,58.02275,59.92708,36.4006,2669.75351,0.46024,4.35419,-0.2367,0.38428,0.50468,1.43129,1.32096,3.18076,3.19521,1.60761,1.6265,4.98269,17.65944
GW230914_111401,C00:IMRPhenomXPHM-SpinTaylor,58.21584,60.19721,36.54302,2645.02634,0.45705,4.25072,-0.20292,0.32371,0.51948,1.33969,1.20745,3.20293,3.07443,1.5663,1.62315,4.79217,17.62578
GW230914_111401,C00:Mixed,58.68155,60.18971,36.64836,2709.1128,0.46635,4.30139,-0.21183,0.36854,0.5213,1.31636,1.28994,3.2328,3.08975,1.55335,1.62632,3.8967,17.63448
GW230914_111401,C00:Mixed+XO4a,58.48961,60.11342,36.55125,2700.40959,0.46498,4.31325,-0.21844,0.37135,0.51458,1.34609,1.29685,3.2138,3.12271,1.56311,1.62519,4.16802,17.64097
GW230914_111401,C00:NRSur7dq4,59.45832,58.78198,37.81069,2780.90413,0.47651,4.34071,-0.22505,0.34071,0.53543,1.27539,1.28131,3.26078,3.064,1.5985,1.63546,3.5065,17.6343
GW230914_111401,C00:SEOBNRv5PHM,58.27782,61.56133,35.46704,2704.11323,0.46589,4.31301,-0.21006,0.43739,0.49994,1.33619,1.37853,3.20115,3.18085,1.47701,1.61271,3.39877,17.64469
GW231020_142947,C00:IMRPhenomXPHM-SpinTaylor,9.98793,13.379,7.1131,1197.67695,0.2312,2.6786,0.68284,0.40007,0.44203,1.02952,1.35162,3.1523,3.1527,1.56337,1.62223,3.62418,10.66882
GW231020_142947,C00:Mixed,9.98671,13.43036,7.09552,1199.27806,0.23149,2.68985,0.68929,0.40818,0.45245,1.04605,1.34892,3.15859,3.1381,1.56007,1.61884,3.41947,10.67471
GW231020_142947,C00:SEOBNRv5PHM,9.98418,13.52962,7.05953,1202.80295,0.23211,2.70523,0.70265,0.42383,0.47349,1.08134,1.34144,3.17072,3.11659,1.55671,1.61156,3.00784,10.68671
GW231206_233901,C00:IMRPhenomXPHM-SpinTaylor,36.41534,38.25549,28.65937,1452.32754,0.27521,3.82487,0.05313,0.43717,0.49084,1.60889,1.68966,3.35412,3.16839,1.07104,1.5941,3.5412,22.86129
GW231206_233901,C00:Mixed,36.11785,37.9458,28.32193,1462.5044,0.27695,3.79334,0.05559,0.44873,0.46985,1.71697,1.65111,3.23221,3.15722,1.08263,1.62953,3.04071,22.84892
GW231206_233901,C00:NRSur7dq4,36.05599,37.60179,28.4334,1461.56934,0.27681,3.81892,0.05365,0.46821,0.43287,1.7665,1.62763,3.06996,3.15465,1.06222,1.66444,2.69048,22.86631
GW231206_233901,C00:SEOBNRv5PHM,35.87482,37.98794,27.86048,1473.06018,0.27875,3.7349,0.06014,0.44126,0.48718,1.77507,1.63908,3.2693,3.14501,1.11756,1.628,2.89634,22.81931
GW230606_004305,C00:IMRPhenomXPHM-SpinTaylor,38.94057,37.79971,25.75699,2698.11604,0.46426,2.39098,0.84122,0.46605,0.48326,1.93358,1.75698,3.13902,3.07401,1.58332,1.63413,3.42157,11.21107
GW230606_004305,C00:Mixed,39.07984,38.21187,25.66606,2703.72799,0.46522,2.38129,0.83174,0.4991,0.49118,1.93199,1.70803,3.16648,3.11248,1.57363,1.63334,3.16695,11.23308
GW230606_004305,C00:NRSur7dq4,39.25054,38.20371,25.86722,2702.45375,0.46522,2.37663,0.82356,0.50829,0.49737,1.93296,1.67781,3.15301,3.084,1.59133,1.63512,3.05003,11.27357
GW230606_004305,C00:SEOBNRv5PHM,39.04973,38.61825,25.36159,2713.7175,0.46666,2.37291,0.83152,0.52215,0.49116,1.93045,1.68808,3.20098,3.17666,1.54921,1.62858,3.02811,11.21455
GW230922_040658,C00:IMRPhenomXPHM-SpinTaylor,100.70245,79.98412,47.9448,6483.51825,0.95317,3.12933,-0.20628,0.60331,0.54555,0.88337,1.16713,3.15349,3.18844,1.61119,1.53785,3.69,12.42167
GW230922_040658,C00:Mixed,102.70092,78.17859,50.09891,6564.82386,0.96331,3.11845,-0.22336,0.60458,0.53429,0.88445,1.18162,3.14226,3.11607,1.63969,1.51343,3.25538,12.43208
GW230922_040658,C00:NRSur7dq4,101.71422,77.55088,49.78621,6542.0934,0.96066,3.06041,-0.23273,0.6072,0.52026,0.88949,1.21259,3.1539,3.17582,1.64523,1.4754,3.02628,12.4517
GW230922_040658,C00:SEOBNRv5PHM,105.68849,77.0257,52.53363,6669.6545,0.97624,3.16138,-0.2307,0.60438,0.53618,0.87601,1.1658,3.12268,2.98685,1.66028,1.52407,3.03504,12.42364
GW231005_091549,C00:IMRPhenomXPHM-SpinTaylor,34.47839,29.52149,21.57846,3717.0672,0.60492,2.85765,-0.19358,0.44144,0.46699,1.6636,1.6517,3.10965,3.25033,1.67136,1.48273,3.38907,8.80763
GW231005_091549,C00:Mixed,34.55768,29.17204,21.7053,3763.65393,0.61132,2.83221,-0.18642,0.43433,0.46804,1.659,1.66797,3.1135,3.21085,1.65691,1.47661,3.24375,8.80528
GW231005_091549,C00:NRSur7dq4,34.52575,28.8437,21.69287,3814.34416,0.6182,2.83946,-0.18888,0.43039,0.47566,1.66674,1.67367,3.11492,3.2416,1.64985,1.47501,3.17638,8.80918
GW231005_091549,C00:SEOBNRv5PHM,34.65373,29.15058,21.82771,3758.65505,0.61075,2.79784,-0.17612,0.42995,0.46129,1.65014,1.67893,3.11708,3.14965,1.65086,1.46952,3.16221,8.7994
GW231104_133418,C00:IMRPhenomXPHM-SpinTaylor,11.31341,12.68558,8.53077,1437.546,0.27198,3.78929,-0.02446,0.37885,0.48355,1.15057,1.25505,3.15027,3.1253,1.56421,1.54999,3.35026,11.48145
GW231104_133418,C00:Mixed,11.30833,12.73624,8.50368,1436.33185,0.27177,3.8068,-0.02571,0.3781,0.48608,1.15575,1.25018,3.14789,3.10924,1.57565,1.56369,3.29988,11.47835
GW231104_133418,C00:SEOBNRv5PHM,11.30344,12.78683,8.47655,1435.36323,0.2716,3.8145,-0.02477,0.37744,0.48899,1.16239,1.24558,3.14662,3.09825,1.58772,1.57677,3.25517,11.47603
GW230814_230901,C00:IMRPhenomXO4a,28.17792,33.1419,28.34256,267.44421,0.05789,2.8402,0.03823,0.20379,0.22569,2.06414,1.54982,3.0007,3.14386,1.58019,1.60716,2.87943,45.8993
GW230814_230901,C00:IMRPhenomXPHM-SpinTaylor,28.44771,33.66239,28.38449,273.94598,0.05922,2.83852,0.02257,0.15255,0.18561,1.83799,1.47965,2.93141,3.11224,1.55289,1.58705,2.83838,45.86048
GW230814_230901,C00:Mixed,28.45469,33.68862,28.29651,281.6429,0.0608,2.83108,0.01576,0.16592,0.2037,1.82827,1.46825,2.97374,3.13491,1.56479,1.58437,2.19316,45.87447
GW230814_230901,C00:Mixed+XO4a,28.388,33.57516,28.2633,281.10297,0.06069,2.8322,0.0235,0.17796,0.2121,1.89335,1.47527,2.9659,3.14585,1.57022,1.59178,2.30724,45.88292
GW230814_230901,C00:NRSur7dq4,28.47153,33.89539,27.91761,305.56791,0.0657,2.81714,0.03028,0.18589,0.22701,1.88059,1.36111,2.84886,3.21302,1.58207,1.59241,1.72774,45.89297
GW230814_230901,C00:SEOBNRv5PHM,28.45305,33.60958,28.39746,277.55118,0.05996,2.82863,0.00076,0.16926,0.2098,1.79272,1.50954,3.08735,3.115,1.56779,1.57869,1.77908,45.87913
GW231118_005626,C00:IMRPhenomXO4a,17.53443,19.96877,11.11647,2139.74681,0.38292,3.29873,-0.12871,0.63297,0.52353,0.74766,1.25163,3.11726,3.12466,1.67246,1.62122,2.01434,11.00163
GW231118_005626,C00:IMRPhenomXPHM-SpinTaylor,17.64881,21.77121,10.6616,2089.11052,0.37482,3.32535,-0.11686,0.69205,0.55101,0.76682,1.21177,3.13894,3.17273,1.63564,1.62372,1.91497,11.01272
GW231118_005626,C00:Mixed,17.63501,20.66038,10.96926,2153.38903,0.38481,3.29487,-0.14445,0.64855,0.55013,0.73368,1.20009,3.14675,3.18146,1.62885,1.60094,2.46717,10.96511
GW231118_005626,C00:Mixed+XO4a,17.59977,20.41014,11.01789,2151.69315,0.38463,3.29105,-0.12784,0.64405,0.54261,0.74319,1.21286,3.14074,3.15928,1.66447,1.60636,2.32524,10.9729
GW231118_005626,C00:SEOBNRv5PHM,17.61559,19.49737,11.26919,2226.2146,0.39614,3.24937,-0.13987,0.60683,0.54985,0.71304,1.17694,3.16994,3.17609,1.68295,1.57724,3.04783,10.90354
GW231223_032836,C00:IMRPhenomXPHM-SpinTaylor,53.63763,47.77479,30.8175,4126.06048,0.6588,3.52421,0.03969,0.57173,0.52518,1.89141,1.79249,3.1657,3.32359,1.4457,1.53558,2.73909,9.72732
GW231223_032836,C00:Mixed,53.38839,46.93954,30.72175,4179.32534,0.6657,3.50233,0.05256,0.54574,0.52325,1.9411,1.83594,3.16334,3.30253,1.43599,1.53904,2.96005,9.69969
GW231223_032836,C00:NRSur7dq4,53.49754,46.42647,30.89937,4222.29733,0.67104,3.48973,0.06683,0.52419,0.52107,1.95555,1.84512,3.19306,3.26846,1.43417,1.53909,3.06705,9.67935
GW231223_032836,C00:SEOBNRv5PHM,53.07309,46.61623,30.49723,4189.05004,0.66713,3.49178,0.0526,0.54208,0.52179,1.97633,1.86813,3.13198,3.30279,1.43245,1.54268,3.06746,9.69206
GW231005_021030,C00:IMRPhenomXO4a,105.39555,83.47681,47.88906,6874.99919,1.00015,3.50056,-0.03022,0.57364,0.50034,1.28457,1.52508,3.12071,3.03735,1.62635,1.56982,2.53075,10.27676
GW231005_021030,C00:IMRPhenomXPHM-SpinTaylor,105.24059,85.5889,48.25315,6538.5935,0.96003,3.50473,-0.04846,0.55715,0.49937,1.29638,1.50537,3.14609,3.05563,1.71011,1.57428,2.80069,10.26029
GW231005_021030,C00:Mixed,106.71758,86.33487,49.94022,6373.04172,0.93986,3.53237,-0.03447,0.54874,0.49369,1.29096,1.51031,3.12735,3.01227,1.69733,1.55502,3.02824,10.28557
GW231005_021030,C00:Mixed+XO4a,106.27185,85.38487,49.25696,6539.60328,0.95986,3.52189,-0.03291,0.55706,0.49582,1.28921,1.51517,3.12637,3.01995,1.67337,1.55964,2.86361,10.28242
GW231005_021030,C00:SEOBNRv5PHM,108.20226,87.11486,51.61791,6207.35796,0.91966,3.559,-0.02069,0.54061,0.48772,1.28333,1.51858,3.10961,2.96568,1.68538,1.53676,3.25604,10.31102
GW231113_200417,C00:IMRPhenomXPHM-SpinTaylor,9.82007,11.83291,7.46996,1174.75739,0.2272,3.56095,0.42,0.42018,0.47807,1.18284,1.34381,3.15372,3.22199,1.79843,1.63732,3.68068,10.32214
GW231113_200417,C00:Mixed,9.81675,12.06255,7.36847,1170.28667,0.22648,3.58464,0.42844,0.43143,0.47953,1.20228,1.31802,3.15517,3.21992,1.79798,1.65032,3.50815,10.33584
GW231113_200417,C00:SEOBNRv5PHM,9.81347,12.30398,7.26325,1165.06495,0.22562,3.61178,0.43732,0.44342,0.47993,1.22229,1.2887,3.15908,3.21835,1.79676,1.66135,3.33093,10.35017
GW230803_033412,C00:IMRPhenomXO4a,54.8797,47.78242,29.42706,4757.08913,0.73954,2.35727,-0.42162,0.48173,0.49015,1.33731,1.61647,3.11965,3.10483,1.52925,1.36062,2.15272,8.54284
GW230803_033412,C00:IMRPhenomXPHM-SpinTaylor,54.898,48.15684,28.68907,4911.28823,0.7594,2.32,-0.45155,0.55891,0.47634,1.30775,1.59459,3.13267,3.10435,1.55955,1.41862,2.55271,8.52309
GW230803_033412,C00:Mixed,55.24732,47.04715,29.06571,5055.81043,0.77766,2.34056,-0.44113,0.53207,0.47878,1.34172,1.58493,3.12391,3.13851,1.55417,1.43913,2.89788,8.50022
GW230803_033412,C00:Mixed+XO4a,55.13289,47.29127,29.19022,4957.59085,0.76512,2.34677,-0.43454,0.51537,0.48266,1.33944,1.59572,3.12286,3.12544,1.54589,1.4126,2.64974,8.51435
GW230803_033412,C00:SEOBNRv5PHM,55.61535,45.9161,29.45987,5203.94293,0.79636,2.35665,-0.43154,0.50499,0.4808,1.37407,1.57731,3.10435,3.17592,1.54717,1.45784,3.23991,8.4771
GW231223_202619,C00:IMRPhenomXPHM-SpinTaylor,9.86584,11.6242,8.20593,894.11283,0.17798,3.22133,0.00361,0.36675,0.49056,1.26923,1.3316,3.15648,3.11151,1.58217,1.58872,3.241,9.97418
GW231223_202619,C00:Mixed,9.85624,11.53526,8.23195,898.44731,0.17875,3.23303,0.00863,0.36205,0.48245,1.28287,1.32928,3.13622,3.12398,1.5879,1.57946,3.19596,9.96278
GW231223_202619,C00:SEOBNRv5PHM,9.84672,11.44362,8.25894,902.7152,0.17952,3.24407,0.01201,0.35683,0.47498,1.29717,1.32634,3.11738,3.13875,1.59431,1.57304,3.15115,9.95128
GW231001_140220,C00:IMRPhenomXO4a,78.92317,78.90865,39.38975,4393.11006,0.69192,4.06844,-0.70151,0.44969,0.4824,1.69569,1.65099,3.13158,3.11526,1.60448,1.66983,2.63334,10.51666
GW231001_140220,C00:IMRPhenomXPHM-SpinTaylor,79.6877,77.60756,40.38005,4427.59815,0.69623,4.13297,-0.68579,0.42169,0.48686,1.7093,1.65701,3.15099,3.17893,1.5862,1.79733,3.04741,10.51675
GW231001_140220,C00:Mixed,79.83648,77.88754,40.4861,4404.29533,0.69329,4.12257,-0.68564,0.41873,0.49177,1.70242,1.68515,3.10568,3.1565,1.58691,1.84897,2.99103,10.52385
GW231001_140220,C00:Mixed+XO4a,79.53622,78.22626,40.12551,4400.64756,0.69285,4.10408,-0.69083,0.42905,0.48867,1.7001,1.67368,3.11369,3.14237,1.59333,1.78904,2.87274,10.52143
GW231001_140220,C00:SEOBNRv5PHM,79.96743,78.17961,40.59186,4378.28357,0.68995,4.11144,-0.68676,0.41636,0.49647,1.69698,1.71257,3.06148,3.13564,1.58909,1.90393,2.93652,10.531
GW230723_101834,C00:IMRPhenomXPHM-SpinTaylor,14.95249,17.47721,10.88186,1469.76963,0.27551,2.56957,-0.78672,0.46998,0.51364,1.93428,1.80828,3.15806,3.22836,1.52267,1.54223,3.13695,10.24824
GW230723_101834,C00:Mixed,14.88755,17.22863,10.75587,1525.95223,0.28536,2.57478,-0.7869,0.43501,0.5041,2.0094,1.84575,3.15351,3.19723,1.56298,1.52832,3.15197,10.18048
GW230723_101834,C00:SEOBNRv5PHM,14.82201,16.98224,10.62729,1582.27394,0.29523,2.57771,-0.78703,0.40041,0.49455,2.08385,1.88267,3.15299,3.16485,1.60537,1.515,3.1691,10.11255
GW230814_061920,C00:IMRPhenomXO4a,76.1486,68.99886,42.38495,4162.65356,0.66355,4.25438,0.62933,0.40594,0.48296,1.42601,1.58924,3.16569,3.16504,1.64549,1.75579,1.36941,11.4568
GW230814_061920,C00:IMRPhenomXPHM-SpinTaylor,76.17879,69.93911,43.02141,3968.10687,0.6383,4.25703,0.64515,0.33764,0.46443,1.32888,1.55658,3.15689,3.18007,1.58308,1.96721,1.34541,11.49522
GW230814_061920,C00:Mixed,76.47191,72.35469,42.92238,3833.94447,0.62044,4.2575,0.62702,0.40761,0.47242,1.28343,1.54015,3.1461,3.21119,1.58066,2.03023,1.81817,11.58206
GW230814_061920,C00:Mixed+XO4a,76.38139,71.51325,42.78308,3916.16917,0.63121,4.25532,0.62742,0.407,0.47511,1.31974,1.55277,3.15117,3.20132,1.59723,1.9614,1.70772,11.55069
GW230814_061920,C00:NRSur7dq4,77.57785,72.25834,44.92584,3699.33907,0.60263,4.25933,0.62378,0.42374,0.48499,1.27885,1.50931,3.18501,3.14505,1.57799,2.07042,1.94747,11.66988
GW230814_061920,C00:SEOBNRv5PHM,75.67355,74.86847,40.80909,3836.6774,0.62076,4.26074,0.60975,0.46263,0.46736,1.23859,1.55433,3.10451,3.30096,1.57756,2.05221,2.18561,11.58186
GW230609_064958,C00:IMRPhenomXPHM-SpinTaylor,39.77711,35.66622,25.25064,3314.03246,0.55097,1.78523,-0.28844,0.46275,0.48002,1.92242,1.79887,3.07383,3.14338,1.58473,1.57074,3.64413,10.72352
GW230609_064958,C00:Mixed,39.69023,35.85385,25.03198,3319.19397,0.55176,1.77917,-0.28792,0.4674,0.48209,1.93583,1.83568,3.07834,3.11097,1.59668,1.58006,3.29145,10.71518
GW230609_064958,C00:NRSur7dq4,39.60142,35.85812,24.87508,3329.84772,0.55326,1.78111,-0.28954,0.47142,0.47799,1.95346,1.84781,3.09995,3.12989,1.59503,1.58767,3.10983,10.71633
GW230609_064958,C00:SEOBNRv5PHM,39.68959,36.03192,24.96336,3315.31615,0.5513,1.77355,-0.28825,0.4677,0.48833,1.93034,1.86033,3.06709,3.0612,1.60644,1.58175,3.11629,10.70607
GW231206_233134,C00:IMRPhenomXPHM-SpinTaylor,41.63493,35.61635,28.03734,3215.7161,0.5366,3.6606,-0.03045,0.46846,0.47973,1.73604,1.79921,3.1028,3.17147,1.55158,1.58593,3.1114,11.95052
GW231206_233134,C00:Mixed,41.84763,36.3989,28.69488,3038.6765,0.51128,3.68451,-0.02875,0.52812,0.49066,1.76348,1.75534,3.1645,3.10341,1.53804,1.57128,3.12569,12.03271
GW231206_233134,C00:NRSur7dq4,41.61362,36.80308,28.49413,2961.07334,0.50049,3.71163,-0.02159,0.57506,0.48669,1.79833,1.69654,3.23203,3.06508,1.5019,1.56592,3.17202,12.0994
GW231206_233134,C00:SEOBNRv5PHM,42.31175,36.76965,29.5922,2936.65238,0.49641,3.67149,-0.03535,0.5409,0.50734,1.75654,1.77452,3.16744,3.07549,1.55947,1.56171,3.10202,12.04944
GW230904_051013,C00:IMRPhenomXPHM-SpinTaylor,9.05938,11.06517,7.04283,1043.8294,0.2047,2.77081,0.32026,0.32668,0.42719,1.34831,1.38743,3.14002,3.19156,1.98838,1.59261,3.35826,10.34396
GW230904_051013,C00:Mixed,9.05582,10.99718,7.07653,1039.07292,0.20386,2.76018,0.32575,0.31211,0.41992,1.36207,1.38412,3.14803,3.18235,1.99181,1.59143,3.24694,10.35134
GW230904_051013,C00:SEOBNRv5PHM,9.05233,10.92959,7.11003,1034.36345,0.20302,2.75033,0.3313,0.29756,0.41263,1.37584,1.3801,3.1591,3.17412,1.9954,1.5899,3.13538,10.35864
GW230924_124453,C00:IMRPhenomXPHM-SpinTaylor,31.65343,29.0779,23.03996,2368.86296,0.41755,1.56899,0.63526,0.35862,0.41044,1.45319,1.59922,3.03219,3.18987,1.71889,1.52764,2.96051,14.00369
GW230924_124453,C00:Mixed,31.73159,28.98152,23.24081,2363.61074,0.41676,1.59767,0.62677,0.37026,0.41773,1.47248,1.57292,3.07291,3.18127,1.72251,1.51571,3.02944,14.01721
GW230924_124453,C00:NRSur7dq4,31.76191,28.86865,23.43375,2350.1686,0.41471,1.5866,0.58932,0.35003,0.41107,1.4631,1.56493,3.09035,3.22312,1.7695,1.4791,3.08656,14.01438
GW230924_124453,C00:SEOBNRv5PHM,31.77921,29.0105,23.23805,2372.45687,0.4181,1.62772,0.64782,0.4025,0.43258,1.50612,1.54726,3.10544,3.14043,1.68445,1.54139,3.02145,14.03329
GW230704_021211,C00:IMRPhenomXO4a,32.18532,32.60097,20.28151,2788.30198,0.4764,1.15573,-0.27363,0.32452,0.4199,1.64712,1.68478,3.13505,3.14117,1.50004,1.54735,3.39916,9.76726
GW230704_021211,C00:IMRPhenomXPHM-SpinTaylor,32.21672,33.73566,20.21811,2655.86231,0.45673,1.15854,-0.27405,0.30026,0.4407,1.58549,1.65718,3.08594,3.15237,1.4819,1.49617,3.19467,9.82701
GW230704_021211,C00:Mixed,32.19135,33.83084,20.07476,2668.28124,0.45871,1.14904,-0.27412,0.30984,0.44487,1.59776,1.64487,3.0648,3.14399,1.48922,1.50164,3.04407,9.82382
GW230704_021211,C00:Mixed+XO4a,32.19032,33.5188,20.12997,2698.21725,0.46312,1.15046,-0.2741,0.31394,0.43856,1.61032,1.65397,3.08292,3.14115,1.49183,1.51436,3.13264,9.8099
GW230704_021211,C00:NRSur7dq4,32.29839,33.62567,20.27381,2672.32798,0.45935,1.14822,-0.26929,0.30913,0.44055,1.58076,1.63412,3.05012,3.16831,1.49366,1.51296,2.97346,9.82035
GW230704_021211,C00:SEOBNRv5PHM,32.0605,34.17254,19.74914,2669.19681,0.45888,1.14862,-0.27835,0.31981,0.45256,1.62685,1.63968,3.08113,3.12246,1.47604,1.50875,2.96561,9.82612
GW230805_034249,C00:IMRPhenomXPHM-SpinTaylor,36.30446,35.43688,21.70759,3297.50478,0.54787,2.77169,-0.11294,0.60633,0.48927,1.39584,1.51752,3.17084,3.1399,1.38525,1.59682,3.61616,9.92633
GW230805_034249,C00:Mixed,36.69691,33.2457,22.61636,3485.85179,0.57365,2.76687,-0.11306,0.53028,0.48235,1.43065,1.52067,3.17431,3.16716,1.3704,1.58397,3.28376,9.84212
GW230805_034249,C00:NRSur7dq4,36.55664,31.82773,23.08237,3518.87944,0.57827,2.77176,-0.11937,0.47459,0.47274,1.45296,1.52834,3.15901,3.19716,1.34833,1.58624,3.11658,9.80048
GW230805_034249,C00:SEOBNRv5PHM,37.22507,32.47421,23.0145,3652.81133,0.59637,2.76072,-0.11092,0.51446,0.4834,1.44461,1.51554,3.19364,3.15143,1.3679,1.56758,3.13022,9.80116
GW231102_071736,C00:IMRPhenomXO4a,71.69729,61.2268,44.14951,3735.25443,0.60974,2.62242,-0.06405,0.44802,0.45194,1.25383,1.70265,3.10927,3.15626,1.63996,1.6084,3.09958,16.17218
GW231102_071736,C00:IMRPhenomXPHM-SpinTaylor,71.39632,62.42437,43.49429,3674.82212,0.60129,2.58196,-0.04194,0.40665,0.45052,1.26957,1.58237,3.13579,3.11616,1.64527,1.60015,4.29355,16.18682
GW231102_071736,C00:Mixed,70.99088,62.28387,42.6823,3730.45717,0.60905,2.58369,-0.04542,0.38839,0.4544,1.30994,1.52947,3.07265,3.12626,1.64532,1.59642,3.99525,16.18832
GW231102_071736,C00:Mixed+XO4a,71.16896,62.01936,43.04725,3732.3029,0.60931,2.59339,-0.05045,0.40329,0.4537,1.29581,1.57304,3.08086,3.13343,1.64561,1.60101,3.77311,16.18419
GW231102_071736,C00:NRSur7dq4,70.32217,62.46127,42.04777,3696.66506,0.60458,2.60498,-0.05332,0.36433,0.45826,1.32485,1.47948,3.01233,3.12748,1.63957,1.59443,3.78164,16.18104
GW231102_071736,C00:SEOBNRv5PHM,71.24193,61.94488,42.48888,3822.15656,0.62158,2.56688,-0.04281,0.39501,0.45515,1.33582,1.52725,3.07217,3.1355,1.65377,1.59309,3.9129,16.19681
GW230708_230935,C00:IMRPhenomXO4a,67.37583,64.96355,38.82353,3549.59641,0.5837,4.17424,-0.80474,0.39987,0.47417,1.50809,1.61561,3.14379,3.04466,1.98251,1.59695,2.03266,10.0169
GW230708_230935,C00:IMRPhenomXPHM-SpinTaylor,67.55832,66.34259,38.7745,3478.04438,0.57356,4.1518,-0.82899,0.44148,0.47229,1.48495,1.58708,3.1111,3.08677,2.03253,1.69908,1.96688,10.04772
GW230708_230935,C00:Mixed,67.50388,65.30996,38.9055,3516.45437,0.57894,4.16189,-0.82162,0.41126,0.46905,1.52905,1.58646,3.11153,3.01575,2.01591,1.72449,2.72126,10.03259
GW230708_230935,C00:Mixed+XO4a,67.47996,65.22444,38.88702,3525.03197,0.58018,4.16592,-0.81695,0.40831,0.4703,1.52355,1.59386,3.12068,3.02253,2.00723,1.6923,2.54869,10.02878
GW230708_230935,C00:NRSur7dq4,67.58151,64.4054,38.97005,3585.5397,0.58851,4.16514,-0.82163,0.39025,0.4638,1.53622,1.58121,3.11895,2.98529,2.02075,1.73391,3.09206,10.01775
GW230708_230935,C00:SEOBNRv5PHM,67.4144,65.18447,39.02915,3482.07667,0.57429,4.16697,-0.81463,0.40218,0.47173,1.56316,1.587,3.1095,2.97254,1.995,1.74695,3.10043,10.03284
GW231029_111508,C00:IMRPhenomXO4a,66.4094,66.41282,40.04078,3123.27632,0.52249,3.34687,0.00867,0.43787,0.51148,1.37152,1.32406,3.14134,3.23793,1.6107,1.56521,2.64753,12.21084
GW231029_111508,C00:IMRPhenomXPHM-SpinTaylor,67.39594,66.40546,40.82136,3153.88099,0.52674,3.3384,0.00268,0.45865,0.51595,1.30152,1.27072,3.14793,3.13445,1.60354,1.58025,2.7896,12.17261
GW231029_111508,C00:Mixed,68.20116,65.58015,41.93326,3190.78619,0.53196,3.3418,0.00288,0.4451,0.5145,1.28125,1.29724,3.12772,3.10219,1.57762,1.57163,3.10469,12.18515
GW231029_111508,C00:Mixed+XO4a,67.75189,65.79033,41.46129,3173.45772,0.52953,3.34246,0.00458,0.44335,0.51373,1.30406,1.30403,3.1312,3.13523,1.58612,1.57001,2.98998,12.19149
GW231029_111508,C00:NRSur7dq4,68.63222,64.51645,42.29404,3299.54772,0.54701,3.33577,0.00817,0.42089,0.52598,1.26966,1.28573,3.09383,3.10968,1.56013,1.56746,3.24778,12.20509
GW231029_111508,C00:SEOBNRv5PHM,68.581,65.82538,42.68468,3118.96638,0.52211,3.34822,-0.00204,0.45525,0.50156,1.27279,1.33455,3.13905,3.06019,1.56706,1.56718,3.26696,12.17761
GW230529_181500,C00:IMRPhenomNSBH,2.02703,3.80577,1.40655,204.43404,0.04465,2.90455,0.00765,0.12014,0.01263,2.27702,1.61583,0.0,0.0,1.55511,1.53284,3.16003,11.41404
GW230529_181500,C00:IMRPhenomPv2_NRTidalv2,2.02682,3.33907,1.59921,198.99701,0.0435,2.9745,-0.02309,0.43572,0.02499,2.01707,1.60221,3.1922,3.18485,1.53852,1.56338,3.10158,11.44882
GW230529_181500,C00:IMRPhenomXAS:HighSpin,2.02625,3.54845,1.52121,205.51244,0.04486,2.95886,-0.02156,0.16449,0.24988,2.2271,1.94946,0.0,0.0,1.56625,1.57018,3.161,11.39837
GW230529_181500,C00:IMRPhenomXAS:LowSpinSecondary,2.02692,3.91711,1.36779,205.97996,0.04497,2.92453,0.01452,0.11146,0.01269,2.17586,1.62142,0.0,0.0,1.5664,1.60134,3.15254,11.39397
GW230529_181500,C00:IMRPhenomXHM,2.02608,3.44244,1.55182,214.18507,0.04671,2.97042,-0.02052,0.18368,0.21853,2.48216,1.94515,0.0,0.0,1.60012,1.58157,2.78854,11.43096
GW230529_181500,C00:IMRPhenomXP,2.02606,3.58937,1.48923,200.62063,0.04385,2.872,0.01513,0.44127,0.476,1.84665,1.73105,3.14692,3.07776,1.58017,1.57203,3.15527,11.54167
GW230529_181500,C00:IMRPhenomXPHM:HighSpin,2.02589,3.49934,1.5139,205.36287,0.04487,2.91535,-0.02579,0.46281,0.45567,1.9214,1.68881,3.14992,3.15499,1.58315,1.57382,2.75445,11.59042
GW230529_181500,C00:IMRPhenomXPHM:LowSpin,2.02737,4.1732,1.26817,217.13987,0.04734,2.93853,-0.00377,0.02531,0.02499,1.59971,1.58442,3.17445,3.13441,1.54894,1.56264,2.79531,11.39854
GW230529_181500,C00:IMRPhenomXPHM:LowSpinSecondary,2.02583,3.46688,1.52431,201.55686,0.04405,2.94227,-0.02638,0.49307,0.02491,2.00684,1.58403,3.13415,3.13667,1.61774,1.56872,2.71831,11.59631
GW230529_181500,C00:Mixed:HighSpin,2.02603,3.58502,1.48386,202.51783,0.04426,2.90936,-0.02274,0.44531,0.44975,1.88989,1.69567,3.15893,3.15156,1.58204,1.57073,2.90197,11.60313
GW230529_181500,C00:Mixed:LowSpinSecondary,2.02597,3.54886,1.49579,200.10048,0.04374,2.89669,-0.00504,0.46198,0.02476,1.98288,1.57895,3.12949,3.1508,1.59139,1.56797,2.88796,11.60295
GW230529_181500,C00:SEOBNRv4_ROM_NRTidalv2_NSBH,2.02679,3.63958,1.47867,197.72384,0.04323,2.88414,0.02357,0.15802,0.0126,2.40631,1.56574,0.0,0.0,1.57111,1.57403,3.07988,11.41718
GW230529_181500,C00:SEOBNRv5PHM:HighSpin,2.02616,3.67074,1.45366,199.76622,0.04367,2.90637,-0.01743,0.42806,0.44453,1.86113,1.70029,3.16776,3.14126,1.58222,1.56429,3.05706,11.61573
GW230529_181500,C00:SEOBNRv5PHM:LowSpinSecondary,2.02611,3.62647,1.46929,198.40695,0.04338,2.86477,0.01607,0.4318,0.02462,1.96005,1.57395,3.1193,3.15876,1.56825,1.56512,3.05676,11.60968
GW230624_113103,C00:IMRPhenomXPHM-SpinTaylor,24.24956,27.35699,16.38694,1956.54595,0.35333,2.22918,-0.72746,0.36813,0.48116,1.2388,1.29159,3.10967,3.09359,1.43638,1.30882,3.62542,10.61095
GW230624_113103,C00:Mixed,24.63491,29.07417,16.25292,1885.04828,0.34206,2.22016,-0.71478,0.44823,0.49422,1.16577,1.27681,3.08601,3.06856,1.45821,1.26022,3.38822,10.69231
GW230624_113103,C00:SEOBNRv5PHM,25.01236,30.78942,16.11059,1814.50912,0.33094,2.21777,-0.7021,0.52687,0.50661,1.09604,1.25799,3.07232,3.04401,1.48057,1.21131,3.14559,10.7742
GW230601_224134,C00:IMRPhenomXO4a,71.7966,65.70028,43.79924,3463.63988,0.57185,3.18803,-0.06,0.44692,0.47007,1.68012,1.73205,3.16058,3.11703,1.64298,1.54823,4.46168,14.9386
GW230601_224134,C00:IMRPhenomXPHM-SpinTaylor,71.93859,66.20809,43.6317,3469.20106,0.57237,3.14887,-0.06923,0.45169,0.46404,1.61906,1.6806,3.1407,3.0841,1.70746,1.55191,4.51902,14.96217
GW230601_224134,C00:Mixed,72.01205,66.22906,43.68214,3468.03151,0.5721,3.07324,-0.08707,0.4483,0.47164,1.61451,1.65616,3.14059,3.12609,1.74983,1.5285,4.25701,14.96528
GW230601_224134,C00:Mixed+XO4a,71.95919,66.08382,43.71243,3468.03971,0.57219,3.1037,-0.07987,0.44785,0.47107,1.63165,1.67487,3.14492,3.1236,1.72268,1.53353,4.30876,14.95857
GW230601_224134,C00:NRSur7dq4,72.1167,66.00628,44.2592,3429.17814,0.56653,2.99686,-0.09224,0.4417,0.48235,1.64824,1.64258,3.16732,3.11733,1.78227,1.51459,4.19612,14.96667
GW230601_224134,C00:SEOBNRv5PHM,71.97045,66.45895,43.13579,3507.39448,0.57766,3.07966,-0.104,0.45206,0.46858,1.57911,1.64133,3.11941,3.18691,1.75838,1.52129,4.0516,14.96746
GW230608_205047,C00:IMRPhenomXPHM-SpinTaylor,51.84688,48.96223,30.65172,3492.73878,0.57512,1.69368,0.81816,0.45202,0.47829,1.45586,1.49259,3.15466,3.23475,1.49025,1.69264,3.30282,10.67501
GW230608_205047,C00:Mixed,51.6927,49.09911,30.36562,3492.56007,0.57531,1.67206,0.81268,0.4306,0.47056,1.4491,1.52875,3.12597,3.20086,1.47588,1.7277,3.1126,10.68617
GW230608_205047,C00:NRSur7dq4,51.58901,49.09439,30.21857,3494.7968,0.57565,1.64337,0.80759,0.42429,0.46661,1.44223,1.55877,3.12418,3.15879,1.47689,1.73896,2.99062,10.7038
GW230608_205047,C00:SEOBNRv5PHM,51.66711,49.25465,30.22125,3494.49267,0.57577,1.66896,0.81163,0.41559,0.46699,1.45068,1.53195,3.09581,3.20174,1.46285,1.75253,3.03837,10.6808
GW231014_040532,C00:IMRPhenomXPHM-SpinTaylor,21.24385,21.78834,14.5819,2279.09032,0.40225,4.52752,0.66941,0.55274,0.50074,1.20819,1.33804,3.1756,3.10843,1.55594,1.48747,3.18311,9.16281
GW231014_040532,C00:Mixed,21.3363,21.35321,14.7363,2339.37417,0.41127,4.51516,0.6701,0.52633,0.498,1.1982,1.34452,3.13523,3.11921,1.54808,1.51032,3.14554,9.1256
GW231014_040532,C00:SEOBNRv5PHM,21.42911,20.93585,14.89062,2397.57643,0.41998,4.50438,0.67144,0.501,0.49431,1.18728,1.35173,3.09732,3.1347,1.54245,1.5334,3.10977,9.0889
GW230922_020344,C00:IMRPhenomXPHM-SpinTaylor,38.33424,41.96048,28.98562,1483.48167,0.27914,5.88546,-0.39038,0.50468,0.47931,1.42889,1.58499,3.10884,4.15666,2.44666,1.93776,2.3799,13.00678
GW230922_020344,C00:Mixed,38.16376,40.41064,29.22923,1552.10344,0.29038,5.89184,-0.39263,0.43138,0.46476,1.4507,1.59015,3.10777,4.00952,2.46051,1.92884,3.07736,12.94166
GW230922_020344,C00:NRSur7dq4,38.08936,39.35309,29.53346,1590.6078,0.29661,5.89228,-0.3965,0.37204,0.45365,1.44954,1.59882,3.12257,3.92358,2.44575,1.92756,3.44041,12.89618
GW230922_020344,C00:SEOBNRv5PHM,38.06788,39.87357,29.18246,1584.1762,0.2957,5.89877,-0.39074,0.41676,0.46174,1.47244,1.58568,3.09562,3.94207,2.49027,1.92425,3.41474,12.92134
GW231008_142521,C00:IMRPhenomXPHM-SpinTaylor,43.34791,45.89842,25.58202,2970.05483,0.5023,1.90826,0.0709,0.39143,0.47713,1.69357,1.59935,3.16956,2.94542,2.00143,1.61955,3.85592,9.72659
GW231008_142521,C00:Mixed,43.6058,47.18086,25.35193,2947.23072,0.49915,1.83904,0.06214,0.45585,0.48171,1.6615,1.57378,3.20119,2.97911,2.05573,1.66442,3.39192,9.77018
GW231008_142521,C00:NRSur7dq4,43.57864,47.50474,25.39246,2897.76034,0.49216,1.82852,0.05784,0.48696,0.4801,1.64729,1.56044,3.20498,2.95963,2.08596,1.71868,3.13326,9.80496
GW231008_142521,C00:SEOBNRv5PHM,43.8864,48.1946,25.06218,2971.3262,0.50262,1.7816,0.05965,0.48916,0.48775,1.64274,1.56193,3.23618,3.03103,2.07617,1.65333,3.17665,9.77941
GW231127_165300,C00:IMRPhenomXPHM-SpinTaylor,52.45806,47.36227,28.25382,4517.26296,0.70789,3.08668,0.32278,0.48623,0.49459,1.51714,1.46242,3.17292,3.16324,1.59295,1.50524,3.1782,9.13051
GW231127_165300,C00:Mixed,52.8759,46.65944,28.92533,4538.29329,0.71064,3.08718,0.31404,0.46608,0.49351,1.48785,1.47299,3.18117,3.11112,1.61074,1.49893,3.13298,9.12907
GW231127_165300,C00:NRSur7dq4,53.00157,46.01286,29.34593,4551.11046,0.7121,3.09688,0.321,0.44267,0.49767,1.47766,1.48474,3.18662,3.04183,1.62094,1.50199,3.12372,9.13102
GW231127_165300,C00:SEOBNRv5PHM,53.15583,46.58099,29.19196,4543.2731,0.71151,3.07781,0.29824,0.47004,0.48784,1.46909,1.47467,3.17794,3.12911,1.61917,1.48877,3.09721,9.12466
GW231018_233037,C00:IMRPhenomXPHM-SpinTaylor,10.18843,12.10764,7.23332,1521.5564,0.28519,4.5835,0.10089,0.30708,0.44093,1.4694,1.52836,3.13299,3.14824,1.53825,1.59073,3.06047,8.38627
GW231018_233037,C00:Mixed,10.18356,12.08872,7.23573,1518.47402,0.28465,4.55888,0.08992,0.29568,0.43963,1.48638,1.52866,3.14298,3.15445,1.54629,1.59059,3.12488,8.38139
GW231018_233037,C00:SEOBNRv5PHM,10.17881,12.07066,7.2378,1515.40713,0.28412,4.53132,0.07828,0.28435,0.4381,1.50276,1.52939,3.15262,3.16293,1.55442,1.58902,3.19094,8.3764
